Variable,Scenario,2020,2025,2030,2035,2040,2045,2050,2055,2060,2065,2070,2075,2080,2085,2090,2095,2100,2105,2110,2115,2120,2125,2130,2135,2140,2145,2150,2155,2160,2165,2170,2175,2180,2185,2190,2195,2200,2205,2210,2215,2220,2225,2230,2235,2240,2245,2250,2255,2260,2265,2270,2275,2280,2285,2290,2295,2300,2305,2310,2315,2320,2325,2330,2335,2340,2345,2350,2355,2360,2365,2370,2375,2380,2385,2390,2395,2400,2405,2410,2415,2420
MIU,1.5 Deg C,0.05,0.099999,0.24,0.36,0.48,0.6,0.72,0.84,0.9,0.926645,0.975415,0.975536,0.975731,0.975415,0.975874,0.975874,0.975874,0.975925,0.976344,0.976859,1.07364,1.0745,1.07531,1.07555,1.07592,1.07752,1.08344,1.0883,1.09192,1.09485,1.09615,1.09682,1.09731,1.09765,1.09787,1.09802,1.09812,1.04872,1.04874,1.0485,1.04805,1.04744,1.04668,1.0458,1.0448,1.04228,1.03938,1.03544,1.03003,1.03098,1.03241,1.03371,1.03498,1.03613,1.03717,1.03811,1.03904,0.990612,0.991337,0.992065,0.992754,0.99336,0.993918,0.994398,0.994864,0.995339,0.995751,0.996185,0.996572,0.996899,0.997214,0.997494,0.997751,0.99798,0.9982,0.998333,0.998561,0.998713,0.99888,0.999043,0.999256
S,1.5 Deg C,0.234092,0.234191,0.234092,0.234095,0.234092,0.234092,0.234092,0.234092,0.245956,0.245264,0.245448,0.245182,0.244878,0.244945,0.244606,0.244495,0.244528,0.244602,0.246031,0.245863,0.246969,0.2456,0.245376,0.25113,0.25452,0.254625,0.254843,0.255116,0.255159,0.255088,0.254343,0.253977,0.254345,0.254727,0.255462,0.255721,0.255946,0.28,0.28,0.28,0.28,0.28,0.28,0.28,0.28,0.28,0.28,0.28,0.28,0.28,0.28,0.28,0.28,0.28,0.28,0.28,0.28,0.28,0.28,0.28,0.28,0.28,0.28,0.28,0.28,0.28,0.28,0.28,0.28,0.28,0.28,0.28,0.28,0.28,0.28,0.28,0.28,0.28,0.28,0.28,0.28
K,1.5 Deg C,295,331.221,375.392,426.597,484.396,548.327,618.08,693.483,774.009,882.554,996.202,1116.79,1247.03,1387.55,1540.23,1704.45,1882.02,2074.41,2282.59,2514.1,2761.41,3025.27,3302.07,3601.64,3969.15,4383.74,4818.05,5277.16,5765.9,6285.61,6838.85,7420.66,8040.97,8714.63,9444.11,10238.5,11090.8,12004.4,13542.3,15045.6,16545,18066.4,19631,21256.6,22958.2,24748.5,26639.1,28640.1,30761.1,33011.2,35396.6,37926,40606.7,43448.1,46459.9,49651.7,53033.2,56614.6,60432.2,64464.7,68724.4,73224.1,77976.3,82993.7,88289.5,93876.9,99769.6,105982,112528,119422,126681,134320,142356,150804,159683,169011,178803,189081,199862,211169,223021
YGROSS,1.5 Deg C,134.891,154.682,176.911,201.543,228.607,258.137,290.202,324.901,362.297,405.728,452.131,501.954,555.766,613.859,676.707,744.471,817.641,896.686,982.023,1074.93,1174.76,1281.98,1396.5,1519.96,1658.48,1809.77,1970.89,2143,2327.23,2524.33,2735.2,2959.88,3200.23,3458.72,3736.36,4034.99,4354.58,4696.38,5126.18,5567.44,6025.66,6505.26,7009.94,7542.92,8107.08,8705.11,9339.6,10013,10727.9,11486.6,12291.5,13145.1,14050,15008.8,16024.4,17099.9,18238.2,19442.5,20718.8,22066.9,23490.7,24993.8,26580.1,28253.4,30017.7,31877.4,33836.5,35899.6,38071.1,40355.9,42758.6,45284.4,47938.3,50725.7,53652,56722.7,59943.5,63320.4,66859.6,70567.2,74449.8
YNET,1.5 Deg C,134.164,153.595,175.449,199.676,226.302,255.373,286.973,321.226,358.188,401.136,447.058,496.368,549.611,607.068,669.204,736.172,808.455,886.581,970.925,1062.74,1161.76,1268.28,1382.13,1504.92,1642.7,1793.26,1953.74,2125.31,2309.15,2505.99,2716.75,2941.47,3182.04,3440.9,3719.11,4018.51,4339.09,4680.68,5109.97,5550.92,6009.05,6488.79,6993.83,7527.36,8092.24,8691.07,9326.39,10000.6,10715.9,11475.4,12280.9,13133.7,14037.8,14995.8,16010.5,17085.1,18222.4,19425.7,20700.8,22047.8,23470.4,24972.2,26557,28228.9,29991.7,31849.7,33807.2,35868.5,38038.1,40320.9,42721.6,45245.2,47896.8,50681.7,53605.2,56672.1,59889,63261.8,66796.7,70500.1,74378.3
Y,1.5 Deg C,134.158,153.558,175.087,198.633,224.097,251.438,280.67,311.428,346.005,387.389,430.673,479.303,531.848,588.615,649.997,716.213,787.716,864.814,948.053,1038.67,1129.44,1234.27,1346.34,1467.3,1603.01,1751.2,1908.74,2077.32,2258.13,2451.91,2659.71,2881.48,3119.01,3374.75,3649.73,3945.77,4262.88,4609.92,5035.01,5471.96,5926.22,6402.14,6903.38,7433.11,7994.19,8589.54,9221.43,9892.44,10605,11359.9,12160.5,13008.4,13907.3,14860.2,15869.7,16938.9,18070.7,19287.1,20557.2,21899.1,23316.4,24813,26392.5,28058.9,29816.3,31668.7,33620.5,35676.1,37839.9,40116.8,42511.6,45029.2,47674.7,50453.6,53370.9,56431.6,59642.2,63008.7,66537.3,70234.2,74106
I,1.5 Deg C,31.4053,35.9619,40.9864,46.4989,52.4593,58.8596,65.7026,72.9029,85.1019,95.0125,105.708,117.516,130.238,144.178,158.993,175.111,192.619,211.535,233.25,255.371,278.938,303.136,330.36,368.485,407.998,445.899,486.429,529.958,576.181,625.452,676.477,731.83,793.304,859.641,932.366,1009.02,1091.07,1290.78,1409.8,1532.15,1659.34,1792.6,1932.95,2081.27,2238.37,2405.07,2582,2769.88,2969.41,3180.77,3404.94,3642.35,3894.06,4160.84,4443.51,4742.88,5059.8,5400.38,5756.01,6131.74,6528.6,6947.63,7389.9,7856.5,8348.56,8867.24,9413.74,9989.3,10595.2,11232.7,11903.2,12608.2,13348.9,14127,14943.8,15800.8,16699.8,17642.4,18630.4,19665.6,20749.7
C,1.5 Deg C,102.753,117.596,134.1,152.134,171.638,192.578,214.967,238.526,260.903,292.376,324.965,361.787,401.61,444.436,491.004,541.102,595.098,653.279,714.802,783.302,850.507,931.13,1015.98,1098.82,1195.01,1305.3,1422.31,1547.36,1681.95,1826.46,1983.23,2149.65,2325.71,2515.11,2717.36,2936.75,3171.81,3319.14,3625.21,3939.81,4266.87,4609.54,4970.43,5351.84,5755.82,6184.47,6639.43,7122.55,7635.62,8179.13,8755.55,9366.05,10013.3,10699.3,11426.2,12196,13010.9,13886.7,14801.2,15767.3,16787.8,17865.3,19002.6,20202.4,21467.7,22801.5,24206.8,25686.8,27244.7,28884.1,30608.3,32421,34325.8,36326.6,38427,40630.7,42942.4,45366.3,47906.9,50568.6,53356.3
CPC,1.5 Deg C,13.2534,14.4514,15.8115,17.3143,18.9519,20.7212,22.6243,24.6335,26.5125,29.3029,32.1864,35.4732,39.0391,42.8842,47.0793,51.6035,56.4915,61.7702,67.3598,73.6022,79.7201,87.0932,94.8587,102.435,111.255,121.386,132.14,143.64,156.023,169.326,183.766,199.098,215.324,232.784,251.434,271.67,293.356,306.93,335.183,364.225,394.419,426.054,459.375,494.592,531.895,571.479,613.494,658.112,705.497,755.695,808.934,865.322,925.105,988.471,1055.61,1126.72,1201.99,1282.89,1367.36,1456.61,1550.88,1650.42,1755.47,1866.31,1983.19,2106.4,2236.22,2372.93,2516.86,2668.3,2827.58,2995.03,3170.99,3355.82,3549.85,3753.43,3966.97,4190.89,4425.58,4671.48,4929
DAMFRAC,1.5 Deg C,0.00539251,0.00702827,0.0082617,0.00926347,0.0100804,0.0107081,0.0111263,0.0113109,0.0113424,0.0113169,0.0112204,0.0111285,0.0110748,0.0110632,0.0110886,0.011147,0.0112349,0.0112694,0.0113006,0.0113413,0.0110665,0.0106836,0.0102884,0.00989926,0.00951457,0.00912494,0.00870588,0.00825344,0.0077721,0.0072664,0.00674624,0.00621809,0.00568507,0.00514963,0.00461457,0.004083,0.00355876,0.00334197,0.00316182,0.00296803,0.00275648,0.00253146,0.00229854,0.00206302,0.00182959,0.00161177,0.00141481,0.00124588,0.0011137,0.000976185,0.00086675,0.00086675,0.00086675,0.00086675,0.00086675,0.00086675,0.00086675,0.00086675,0.00086675,0.00086675,0.00086675,0.00086675,0.00086675,0.00086675,0.00086675,0.00086675,0.00086675,0.00086675,0.00086675,0.00086675,0.00086675,0.00086675,0.00086675,0.00086675,0.000871686,0.000892405,0.000910336,0.000926268,0.000939987,0.000951401,0.000959578
DAMAGES,1.5 Deg C,0.727404,1.08715,1.46158,1.86698,2.30444,2.76416,3.22887,3.67492,4.1093,4.59159,5.0731,5.58598,6.15502,6.79127,7.50374,8.29862,9.18613,10.1051,11.0975,12.191,13.0005,13.6961,14.3677,15.0465,15.7797,16.5141,17.1584,17.6871,18.0875,18.3428,18.4523,18.4048,18.1935,17.8111,17.2417,16.4748,15.4969,15.6952,16.2081,16.5243,16.6096,16.4678,16.1126,15.5612,14.8326,14.0306,13.2137,12.4751,11.9477,11.2131,10.6537,11.3935,12.1778,13.0088,13.8892,14.8213,15.808,16.8518,17.958,19.1265,20.3606,21.6634,23.0383,24.4886,26.0179,27.6297,29.3278,31.116,32.9982,34.9785,37.061,39.2503,41.5505,43.9665,46.7677,50.6196,54.5688,58.6517,62.8471,67.1377,71.4404
ABATECOST,1.5 Deg C,0.00609507,0.0370779,0.362472,1.04286,2.20527,3.93532,6.30323,9.79736,12.1828,13.7474,16.3845,17.0648,17.7629,18.4534,19.2065,19.9587,20.7385,21.7666,22.8724,24.0643,32.3182,34.0178,35.7873,37.6127,39.6911,42.0613,44.9982,47.9919,51.0167,54.0775,57.0384,59.9948,63.022,66.1528,69.3876,72.7441,76.2033,70.7613,74.9576,78.9564,82.8372,86.6557,90.4489,94.2424,98.0538,101.535,104.954,108.123,110.898,115.506,120.381,125.346,130.431,135.606,140.87,146.225,151.702,138.624,143.631,148.739,153.934,159.196,164.536,169.938,175.428,181.015,186.662,192.408,198.216,204.075,210.008,215.997,222.047,228.15,234.314,240.486,246.778,253.075,259.435,265.843,272.331
ABATERAT,1.5 Deg C,4.54321e-05,0.000241459,0.00207024,0.00525021,0.00984069,0.0156513,0.0224578,0.0314594,0.0352098,0.0354874,0.038044,0.0356034,0.0333985,0.0313506,0.0295487,0.0278669,0.0263273,0.0251691,0.0241257,0.0231683,0.0286143,0.0275612,0.0265811,0.0256339,0.0247603,0.0240186,0.0235749,0.0231028,0.0225925,0.0220553,0.0214454,0.0208208,0.0202057,0.0196023,0.0190117,0.018436,0.017876,0.0153498,0.0148873,0.0144293,0.0139781,0.0135354,0.0131021,0.0126787,0.0122656,0.0118208,0.0113815,0.0109298,0.0104571,0.0101679,0.00989935,0.00963581,0.00937855,0.00912545,0.00887671,0.00863254,0.00839491,0.00718741,0.00698689,0.00679204,0.00660195,0.00641583,0.00623418,0.00605648,0.00588362,0.00571588,0.00555202,0.00539319,0.00523827,0.00508702,0.00494001,0.00479683,0.00465754,0.00452197,0.00439029,0.00426156,0.00413764,0.00401651,0.0038991,0.00378509,0.00367488
MCABATE,1.5 Deg C,5.76033,16.6102,64.1216,116.69,175.883,239.091,304.466,387.688,430.777,449.111,485.093,482.768,480.514,477.871,475.845,473.472,471.111,468.8,466.782,464.846,538,535.997,533.971,531.498,529.139,527.751,529.741,530.887,531.058,530.681,529.035,526.912,524.655,522.299,519.862,517.38,514.873,475.937,473.575,471.039,468.37,465.598,462.741,459.812,456.82,452.789,448.527,443.586,437.69,436.145,434.935,433.64,432.326,430.936,429.476,427.952,426.427,393.104,391.602,390.107,388.592,387.032,385.448,383.822,382.194,380.579,378.931,377.304,375.656,373.978,372.301,370.611,368.914,367.209,365.506,363.761,362.079,360.361,358.659,356.964,355.305
CPRICE,1.5 Deg C,5.76033,16.6102,64.1216,116.69,175.883,239.091,304.466,387.688,430.777,449.111,485.093,482.768,480.514,477.871,475.845,473.472,471.111,468.8,466.782,464.846,538,535.997,533.971,531.498,529.139,527.751,529.741,530.887,531.058,530.681,529.035,526.912,524.655,522.299,519.862,517.38,514.873,475.937,473.575,471.039,468.37,465.598,462.741,459.812,456.82,452.789,448.527,443.586,437.69,436.145,434.935,433.64,432.326,430.936,429.476,427.952,426.427,393.104,391.602,390.107,388.592,387.032,385.448,383.822,382.194,380.579,378.931,377.304,375.656,373.978,372.301,370.611,368.914,367.209,365.506,363.761,362.079,360.361,358.659,356.964,355.305
SCC,1.5 Deg C,5.76033,16.6102,64.1216,116.69,175.883,239.091,304.466,387.688,430.777,449.111,485.093,482.768,480.514,477.871,475.845,473.472,471.111,468.8,466.782,464.846,538,535.997,533.971,531.498,529.139,527.751,529.741,530.887,531.058,530.681,529.035,526.912,524.655,522.299,519.862,517.38,514.873,475.937,473.575,471.039,468.37,465.598,462.741,459.812,456.82,452.789,448.527,443.586,437.69,436.145,434.935,433.64,432.326,430.936,429.476,427.952,426.427,393.104,391.602,390.107,388.592,387.032,385.448,383.822,382.194,380.579,378.931,377.304,375.656,373.978,372.301,370.611,368.914,367.209,365.506,363.761,362.079,360.361,358.659,356.964,355.305
ECO2,1.5 Deg C,42.9412,42.4089,37.4501,33.0295,28.1247,22.6745,16.6315,9.95528,6.51454,5.03981,1.7781,1.86097,1.94151,2.06842,2.13543,2.24682,2.36481,2.48481,2.57204,2.65353,-8.90646,-9.50298,-10.1297,-10.7208,-11.4093,-12.3533,-14.0882,-15.7902,-17.406,-18.9965,-20.3455,-21.619,-22.9085,-24.2292,-25.5834,-26.9839,-28.4282,-14.8486,-15.8119,-16.6646,-17.4279,-18.116,-18.7358,-19.2902,-19.7799,-19.5489,-19.0532,-17.9285,-15.8749,-17.0985,-18.6698,-20.2561,-21.9115,-23.5806,-25.2619,-26.9548,-28.7221,7.18153,6.88705,6.55272,6.21324,5.90803,5.61329,5.35922,5.09211,4.78549,4.51624,4.19603,3.90007,3.64791,3.38677,3.14641,2.91538,2.7029,2.48454,2.37263,2.10986,1.94475,1.74339,1.53274,1.22571
EIND,1.5 Deg C,37.3362,37.6299,33.8181,30.2768,26.1118,21.2809,15.7536,9.50377,6.26057,4.87213,1.72752,1.81568,1.90107,2.03155,2.10287,2.21752,2.33843,2.46113,2.55109,2.63509,-8.85363,-9.45488,-10.0859,-10.6813,-11.3736,-12.3205,-14.0564,-15.7599,-17.3777,-18.9702,-20.3215,-21.5972,-22.8888,-24.2114,-25.5673,-26.9695,-28.4152,-14.8428,-15.8066,-16.6599,-17.4237,-18.1123,-18.7325,-19.2873,-19.7774,-19.5467,-19.0513,-17.927,-15.8738,-17.0974,-18.6688,-20.2552,-21.9106,-23.5798,-25.2611,-26.9541,-28.7215,7.18139,6.88693,6.55263,6.21317,5.90797,5.61323,5.35918,5.09208,4.78546,4.51622,4.19601,3.90005,3.6479,3.38676,3.1464,2.91538,2.70289,2.48453,2.37262,2.10985,1.94475,1.74339,1.53274,1.22571
ECO2E,1.5 Deg C,52.4032,51.6845,45.546,40.0687,34.0241,27.351,20.002,11.9367,7.78754,5.99902,2.10808,2.19782,2.28406,2.42394,2.49267,2.61241,2.73875,2.85797,2.93871,3.01221,-10.0479,-10.6577,-11.297,-11.8919,-12.5861,-13.5548,-15.3814,-17.1588,-18.8309,-20.4668,-21.8359,-23.1198,-24.4167,-25.7428,-27.1004,-28.5032,-29.949,-15.6038,-16.5673,-17.4163,-18.1726,-18.8513,-19.4594,-20.0001,-20.4744,-20.2043,-19.6636,-18.4778,-16.3404,-17.5786,-19.1721,-20.7786,-22.4537,-24.1407,-25.8381,-27.5456,-29.3272,7.32705,7.02132,6.67571,6.32556,6.01095,5.70757,5.44604,5.17173,4.85772,4.58209,4.25516,3.9532,3.69598,3.42996,3.18526,2.95025,2.73421,2.51244,2.39847,2.13216,1.9647,1.76076,1.54758,1.23724
CCATOT,1.5 Deg C,633.5,692.067,749.908,800.985,846.034,884.393,915.318,938.001,951.579,960.464,967.338,969.763,972.301,974.949,977.77,980.683,983.747,986.973,990.362,993.87,997.489,985.341,972.38,958.565,943.943,928.382,911.533,892.319,870.783,847.043,821.134,793.385,763.899,732.654,699.608,664.716,627.913,589.14,568.888,547.322,524.594,500.824,476.116,450.563,424.253,397.276,370.613,344.627,320.174,298.523,275.203,249.739,222.112,192.227,160.066,125.612,88.8486,49.675,59.4698,68.8629,77.8001,86.2742,94.3321,101.988,109.297,116.242,122.769,128.929,134.652,139.971,144.946,149.565,153.857,157.833,161.519,164.908,168.144,171.022,173.674,176.052,178.142
CACC,1.5 Deg C,334.987,364.881,399.348,431.106,461.309,489.753,516.195,540.358,557.424,569.946,583.112,590.415,596.977,602.953,608.597,613.84,618.801,623.547,628.163,632.639,650.687,651.237,650.443,648.6,646.012,642.883,639.752,635.307,629.401,622.074,613.029,602.512,590.628,577.351,562.621,546.381,528.541,492.339,478.352,464.428,450.217,435.607,420.521,404.901,388.706,371.227,353.323,334.835,315.914,301.505,286.852,271.299,254.616,236.517,216.839,195.452,172.304,110.812,106.94,106.059,106.681,108.038,109.799,111.748,113.855,116.074,118.268,120.51,122.675,124.736,126.753,128.682,130.532,132.29,133.982,135.489,137.115,138.529,139.905,141.189,142.452
MAT,1.5 Deg C,886.513,915.186,938.56,957.879,972.725,982.64,987.123,985.644,982.156,978.519,972.226,967.349,963.325,959.996,957.174,954.843,952.947,951.426,950.198,949.23,934.802,922.105,909.938,897.965,885.93,873.499,859.782,845.012,829.382,812.969,796.104,778.873,761.271,743.303,724.987,706.335,687.372,684.8,678.536,670.895,662.377,653.217,643.595,633.662,623.547,614.049,605.29,597.792,592.26,585.018,576.35,566.44,555.496,543.711,531.227,518.16,504.545,526.863,540.529,550.804,559.119,566.236,572.533,578.239,583.442,588.168,592.501,596.419,599.977,603.235,606.193,608.884,611.325,613.543,615.537,617.419,619.029,620.493,621.769,622.862,623.69
PPM,1.5 Deg C,416.203,429.665,440.638,449.709,456.678,461.333,463.438,462.743,461.106,459.398,456.444,454.154,452.265,450.702,449.377,448.283,447.393,446.679,446.102,445.648,438.874,432.913,427.201,421.58,415.93,410.093,403.653,396.719,389.381,381.676,373.758,365.668,357.404,348.969,340.37,331.613,322.71,321.503,318.562,314.974,310.975,306.675,302.157,297.494,292.745,288.286,284.174,280.653,278.056,274.656,270.587,265.934,260.796,255.263,249.402,243.268,236.875,247.353,253.77,258.593,262.497,265.839,268.795,271.474,273.917,276.135,278.17,280.009,281.679,283.209,284.598,285.861,287.007,288.048,288.985,289.868,290.624,291.311,291.911,292.424,292.812
ATFRAC2020,1.5 Deg C,0,0.489576,0.447109,0.426105,0.405638,0.383141,0.357003,0.325551,0.300689,0.281394,0.25675,0.240395,0.226717,0.21521,0.205249,0.196813,0.189677,0.183643,0.17846,0.174036,0.132667,0.101159,0.0691243,0.0352297,-0.0018763,-0.044133,-0.0961437,-0.160347,-0.240773,-0.344399,-0.481836,-0.673237,-0.960455,-1.44431,-2.44335,-5.77204,35.6416,4.54715,3.21886,2.50202,2.05807,1.75839,1.54347,1.38217,1.25672,1.15341,1.06975,0.999473,0.939128,0.900045,0.865656,0.834043,0.804635,0.776849,0.750444,0.725263,0.701307,0.616023,0.602727,0.594557,0.589156,0.585274,0.582342,0.579993,0.578155,0.576782,0.575669,0.574932,0.574395,0.573984,0.573775,0.573691,0.573734,0.573868,0.574124,0.574261,0.574794,0.575206,0.575747,0.57635,0.577179
ATFRAC1765,1.5 Deg C,0.471212,0.472766,0.467471,0.46178,0.454739,0.446227,0.436048,0.423926,0.414212,0.406594,0.397199,0.391177,0.386017,0.381554,0.377567,0.374069,0.370976,0.368223,0.365723,0.363458,0.347675,0.339075,0.331082,0.323363,0.315623,0.307523,0.298159,0.288027,0.277201,0.265593,0.253435,0.24058,0.226824,0.211973,0.195805,0.178023,0.158258,0.164308,0.159146,0.151455,0.14178,0.13022,0.116768,0.101344,0.0837874,0.0655688,0.0466514,0.0284127,0.0133051,-0.00998836,-0.0423307,-0.0863303,-0.146341,-0.230402,-0.354683,-0.555996,-0.939297,-1.23074,-0.798232,-0.540146,-0.371223,-0.252265,-0.163967,-0.0957029,-0.0416984,0.00144636,0.0366628,0.0652964,0.0889465,0.108844,0.125515,0.13963,0.151603,0.161835,0.17049,0.178394,0.184538,0.189991,0.194442,0.198024,0.200345
RES0,1.5 Deg C,150.093,162.657,173.752,183.536,191.868,198.585,203.512,206.46,208.389,209.881,210.407,210.957,211.531,212.143,212.774,213.439,214.138,214.873,215.634,216.42,213.78,210.963,207.96,204.783,201.401,197.74,193.565,188.885,183.727,178.097,172.068,165.661,158.873,151.693,144.111,136.115,127.691,123.29,118.604,113.665,108.501,103.132,97.5794,91.8627,86.001,80.2077,74.5613,69.2482,64.5436,59.4764,53.9437,47.9411,41.4481,34.4606,26.9751,18.9881,10.4777,12.6052,14.6455,16.5866,18.4271,20.1771,21.8397,23.427,24.9352,26.3524,27.6899,28.9324,30.0872,31.1673,32.17,33.1015,33.9645,34.7645,35.4998,36.2019,36.8262,37.4015,37.9172,38.3704,38.7327
RES1,1.5 Deg C,102.698,112.981,121.833,129.409,135.562,140.127,142.924,143.761,143.607,143.052,141.557,140.127,138.76,137.469,136.236,135.074,133.983,132.958,131.989,131.073,126.697,122.18,117.51,112.698,107.717,102.491,96.7842,90.6101,83.9999,76.967,69.5915,61.9041,53.9094,45.6096,37.0087,28.1102,18.9223,14.0033,8.89659,3.6488,-1.69948,-7.11095,-12.549,-17.9765,-23.355,-28.4471,-33.1605,-37.2978,-40.5835,-44.0256,-47.7081,-51.6337,-55.7922,-60.1514,-64.674,-69.3175,-74.0524,-67.3115,-61.044,-55.2623,-49.9495,-45.07,-40.5939,-36.4829,-32.7165,-29.2835,-26.1499,-23.3107,-20.739,-18.4035,-16.2914,-14.3816,-12.6581,-11.1033,-9.70855,-8.43296,-7.3132,-6.31011,-5.42686,-4.6586,-4.02675
RES2,1.5 Deg C,39.534,44.5926,47.9893,50.1108,50.9079,50.2869,48.1277,44.2975,40.0251,35.9793,31.4573,27.6535,24.4539,21.7816,19.5357,17.6669,16.1214,14.8469,13.7915,12.9213,8.04594,3.57956,-0.530531,-4.30362,-7.80319,-11.14,-14.5997,-18.1247,-21.6378,-25.087,-28.3413,-31.343,-34.0704,-36.5033,-38.6181,-40.3917,-41.7952,-37.543,-34.2541,-31.704,-29.7028,-28.0977,-26.7662,-25.6114,-24.5578,-23.3336,-21.921,-20.2102,-18.0654,-16.7623,-16.1429,-16.0388,-16.2509,-16.6221,-17.0438,-17.4415,-17.7836,-6.88249,-1.50833,1.06543,2.24799,2.75384,2.92912,2.95229,2.89639,2.78993,2.66783,2.52313,2.37283,2.23099,2.09018,1.95491,1.82439,1.70081,1.57911,1.48917,1.37237,1.2681,1.15932,1.04476,0.89907
RES3,1.5 Deg C,6.1865,6.95519,6.98589,6.82268,6.3861,5.64047,4.55898,3.12529,2.13445,1.6059,0.805015,0.611632,0.57999,0.602347,0.627443,0.663314,0.704369,0.746928,0.783097,0.81653,-1.72059,-2.61766,-3.00189,-3.21267,-3.38492,-3.59243,-3.96747,-4.35851,-4.70722,-5.00817,-5.21394,-5.34972,-5.44108,-5.49592,-5.51483,-5.49878,-5.44593,-2.95019,-2.71063,-2.71524,-2.72153,-2.70596,-2.66901,-2.61325,-2.5412,-2.37818,-2.19015,-1.94837,-1.63467,-1.67023,-1.74225,-1.82862,-1.90908,-1.97668,-2.03019,-2.06886,-2.09699,0.451674,0.436207,0.41425,0.393325,0.375112,0.357775,0.343037,0.32745,0.30924,0.293241,0.273802,0.255697,0.240239,0.224032,0.209011,0.19445,0.180971,0.167085,0.160513,0.143633,0.133066,0.11988,0.10586,0.0850216
ALPHA,1.5 Deg C,0.447154,0.512172,0.575598,0.634055,0.68928,0.740401,0.786013,0.824434,0.849881,0.867677,0.884854,0.893459,0.902026,0.910899,0.920341,0.930148,0.940407,0.948913,0.957176,0.965538,0.987109,0.9768,0.963843,0.94931,0.933688,0.917053,0.899507,0.878925,0.855295,0.828907,0.799757,0.768529,0.73559,0.701098,0.665191,0.628033,0.589787,0.543388,0.522939,0.502519,0.481643,0.460361,0.438811,0.417149,0.395532,0.373924,0.353279,0.333789,0.315943,0.301354,0.287973,0.278578,0.268817,0.258587,0.247877,0.236708,0.22515,0.19695,0.195289,0.194912,0.195178,0.195758,0.196514,0.197354,0.198265,0.199229,0.200186,0.201169,0.202122,0.203033,0.203928,0.204788,0.205615,0.206405,0.207308,0.208579,0.209826,0.210921,0.211938,0.212851,0.213665
IRFT,1.5 Deg C,43.9591,45.2628,46.417,47.3991,48.2668,49.025,49.669,50.1897,50.5244,50.7539,50.9719,51.0799,51.1866,51.2962,51.412,51.5312,51.6548,51.7565,51.8546,51.9532,52.2043,52.0848,51.9332,51.7612,51.574,51.3718,51.1553,50.897,50.5946,50.2491,49.8575,49.4256,48.9554,48.4457,47.8949,47.3011,46.662,45.8437,45.4662,45.0778,44.6679,44.2355,43.7812,43.306,42.811,42.2931,41.7738,41.2586,40.763,40.3386,39.9327,39.6372,39.3202,38.9763,38.6024,38.1961,37.7563,36.5879,36.5144,36.4976,36.5094,36.5352,36.5687,36.6057,36.6457,36.6879,36.7296,36.7722,36.8133,36.8525,36.8908,36.9275,36.9626,36.996,37.0341,37.0874,37.1394,37.1849,37.2269,37.2644,37.2978
FORC,1.5 Deg C,2.79184,3.01061,3.18757,3.32384,3.42158,3.48005,3.49778,3.47262,3.42769,3.38128,3.32263,3.27187,3.23192,3.20107,3.17761,3.16075,3.14972,3.12377,3.10191,3.08355,2.98579,2.88453,2.78867,2.69576,2.60389,2.51047,2.40905,2.29987,2.18388,2.06129,1.93403,1.80253,1.66643,1.52534,1.37895,1.22689,1.06889,1.04444,0.996885,0.936593,0.867552,0.791603,0.710139,0.624361,0.53534,0.45036,0.371038,0.302637,0.252464,0.185697,0.103495,0.00703424,-0.102155,-0.222699,-0.353667,-0.494403,-0.645113,-0.399611,-0.247168,-0.134273,-0.044149,0.0319196,0.0982778,0.157579,0.210936,0.258817,0.302207,0.341038,0.375963,0.407645,0.436168,0.461916,0.485109,0.506037,0.524746,0.54228,0.557228,0.570739,0.582478,0.592481,0.600025
FORC_CO2,1.5 Deg C,2.32784,2.50832,2.65131,2.76683,2.85403,2.91153,2.93733,2.92883,2.90873,2.8877,2.85112,2.8226,2.79897,2.77934,2.76265,2.74883,2.73756,2.7285,2.72118,2.7154,2.62856,2.55102,2.47571,2.40061,2.32411,2.24399,2.15425,2.056,1.95014,1.83682,1.71796,1.59389,1.46429,1.32887,1.18741,1.03963,0.885331,0.864078,0.811974,0.747764,0.675315,0.596364,0.512226,0.424033,0.332802,0.245772,0.164311,0.0936399,0.0409286,-0.0288247,-0.113458,-0.2118,-0.322417,-0.444001,-0.575695,-0.716901,-0.867877,-0.622467,-0.477272,-0.370509,-0.285558,-0.213842,-0.15114,-0.094906,-0.0441171,0.00162095,0.0432363,0.0806007,0.114326,0.145033,0.172766,0.197879,0.220567,0.241098,0.259499,0.276801,0.29157,0.304959,0.316615,0.326573,0.334101
F_GHGABATE,1.5 Deg C,0.518,0.53636,0.550388,0.5512,0.541808,0.522836,0.494822,0.45823,0.413459,0.368145,0.326133,0.283952,0.2477,0.216541,0.189837,0.166861,0.147159,0.130275,0.11573,0.103146,0.0922337,0.0685123,0.047962,0.0301475,0.0147737,0.00148184,-0.0101989,-0.021132,-0.0312649,-0.040526,-0.0489337,-0.0563647,-0.0628619,-0.068528,-0.0734571,-0.0777339,-0.081438,-0.0846416,-0.0800888,-0.0761713,-0.0727624,-0.0697611,-0.0670863,-0.0646716,-0.0624618,-0.0604114,-0.0582729,-0.0560026,-0.0534643,-0.0504783,-0.048047,-0.0461656,-0.0447385,-0.0436979,-0.0429725,-0.0425019,-0.0422356,-0.0421437,-0.034896,-0.0287631,-0.0235905,-0.0192388,-0.0155817,-0.0125155,-0.00994666,-0.00780377,-0.00602917,-0.00456222,-0.0033634,-0.00238846,-0.00159737,-0.000962882,-0.000458069,-6.14737e-05,0.000246153,0.000478444,0.000658758,0.000780138,0.000862218,0.000908217,0.00092362
TATM,1.5 Deg C,1.24715,1.42379,1.54368,1.63459,1.70515,1.75743,1.79142,1.80622,1.80873,1.80671,1.79899,1.7916,1.78728,1.78634,1.78839,1.79309,1.80015,1.80291,1.8054,1.80865,1.7866,1.75542,1.72265,1.68976,1.6566,1.62233,1.58464,1.54291,1.49724,1.44771,1.39493,1.33922,1.28053,1.21874,1.15369,1.08521,1.01315,0.981804,0.954974,0.925246,0.891662,0.854493,0.814234,0.771391,0.726439,0.681827,0.63881,0.599462,0.566771,0.530627,0.5,0.5,0.5,0.5,0.5,0.5,0.5,0.5,0.5,0.5,0.5,0.5,0.5,0.5,0.5,0.5,0.5,0.5,0.5,0.5,0.5,0.5,0.5,0.5,0.501422,0.507346,0.512418,0.516882,0.520696,0.523847,0.526094
TBOX1,1.5 Deg C,0.1477,0.165052,0.183243,0.201978,0.220984,0.239988,0.258715,0.276878,0.294355,0.311151,0.327196,0.34256,0.35733,0.371582,0.385375,0.398765,0.411799,0.424383,0.436555,0.448348,0.459229,0.469194,0.478299,0.486583,0.494068,0.500762,0.506627,0.511628,0.515736,0.518925,0.521182,0.5225,0.522865,0.522264,0.520682,0.5181,0.514499,0.510807,0.50687,0.502605,0.497962,0.492899,0.48739,0.481413,0.474957,0.468059,0.460767,0.453163,0.445378,0.437303,0.428838,0.419896,0.4104,0.400284,0.38949,0.377967,0.365662,0.355282,0.346155,0.337986,0.330601,0.323887,0.317765,0.312174,0.307062,0.302383,0.298097,0.294164,0.290551,0.287229,0.28417,0.28135,0.278747,0.27634,0.274112,0.272048,0.27013,0.268344,0.266675,0.265109,0.263626
TBOX2,1.5 Deg C,1.09945,1.25874,1.36044,1.43262,1.48416,1.51745,1.53271,1.52935,1.51438,1.49555,1.47179,1.44904,1.42995,1.41476,1.40301,1.39433,1.38835,1.37853,1.36885,1.3603,1.32738,1.28623,1.24435,1.20318,1.16253,1.12156,1.07801,1.03128,0.981508,0.928789,0.873753,0.816719,0.757669,0.696476,0.633007,0.567108,0.498648,0.470997,0.448104,0.42264,0.393701,0.361594,0.326844,0.289978,0.251482,0.213768,0.178043,0.146299,0.121393,0.093324,0.0595263,0.0196142,-0.0260489,-0.076929,-0.13258,-0.192668,-0.257158,-0.199636,-0.135358,-0.0814089,-0.03757,-0.00106457,0.0302723,0.0578998,0.0825921,0.104721,0.124701,0.142635,0.158752,0.17333,0.186474,0.198334,0.209024,0.218666,0.22731,0.235297,0.242287,0.248538,0.254021,0.258739,0.262468
PERIODU,1.5 Deg C,1.75865,1.85733,1.96036,2.06483,2.16929,2.27291,2.37539,2.47504,2.56148,2.67966,2.79105,2.907,3.02177,3.13486,3.24775,3.35925,3.46973,3.57927,3.68596,3.7956,3.89479,4.00514,4.11215,4.20881,4.31314,4.42368,4.53182,4.63857,4.7448,4.85034,4.95633,5.06054,5.16282,5.26502,5.36642,5.46867,5.5705,5.63066,5.74817,5.85953,5.9667,6.07093,6.17305,6.27359,6.37293,6.47135,6.56897,6.66591,6.76226,6.85783,6.95282,7.04716,7.141,7.23438,7.3273,7.41978,7.51183,7.60484,7.69619,7.78705,7.87746,7.96741,8.05693,8.14601,8.23467,8.32291,8.41072,8.49812,8.58509,8.67165,8.75779,8.84352,8.92883,9.01373,9.0982,9.18223,9.26586,9.34906,9.43186,9.51425,9.59623
TOTPERIODU,1.5 Deg C,13634.6,13286.3,12877.6,12409.1,11892.8,11343.3,10775.3,10195.5,9577.18,9093.12,8598.02,8134.15,7686.23,7255.96,6848.6,6462.37,6098.45,5756.88,5434.38,5138.77,4851.17,4598.28,4360.3,4130,3924.8,3740.64,3568.54,3408.67,3260.91,3124.35,2998.91,2882.54,2774.61,2675.59,2584.51,2501.63,2425.84,2339.54,2283.96,2231.47,2182.81,2138.35,2098.22,2062.46,2031.03,2003.87,1980.91,1962.05,1843.52,1731.59,1626,1526.42,1432.58,1344.18,1260.95,1182.61,1108.9,1039.75,974.565,913.277,855.676,801.556,750.723,702.989,658.176,616.118,576.653,539.63,504.907,472.346,441.82,413.207,386.393,361.269,337.734,315.689,295.045,275.717,257.623,240.687,224.839
RFACTLONG,1.5 Deg C,1e+06,809712,654984,530596,430974,351222,287254,236091,196631,160047,131338,107677,88600.2,73197,60644,50433.1,42086.9,35240.8,29651.4,24957.8,21231.3,17954.8,15262.6,13109.9,11224.8,9591.2,8231.68,7090.64,6126.06,5309.16,4611.65,4021.4,3520.68,3090.45,2721.32,2400.99,2124.43,1941.38,1707.27,1511.93,1346.42,1204.62,1082.13,975.642,882.619,801.006,729.186,665.797,577.228,500.819,434.795,377.724,328.325,285.537,248.451,216.29,188.384,164.008,142.97,124.695,108.81,94.9943,82.9716,72.5038,63.3856,55.439,48.5101,42.466,37.1911,32.5854,28.5624,25.0466,21.9728,19.2843,16.9319,14.8727,13.0693,11.4892,10.1042,8.8896,7.82411
RLONG,1.5 Deg C,0,0.0422152,0.0423145,0.0422502,0.0420853,0.0418534,0.0415797,0.0412439,0.0406606,0.0407175,0.0405997,0.0405204,0.0403937,0.0402246,0.0400391,0.0398281,0.0396002,0.0393594,0.0390916,0.0388481,0.0385228,0.0382848,0.0380214,0.0376903,0.0374136,0.0371753,0.0369213,0.0366591,0.0363943,0.0361264,0.0358611,0.0355879,0.0353069,0.0350269,0.0347449,0.0344679,0.0341903,0.0337533,0.0335414,0.0333044,0.0330515,0.0327882,0.0325182,0.0322438,0.0319664,0.0316873,0.0314069,0.0311256,0.031072,0.0310174,0.0309625,0.0309072,0.0308519,0.0307968,0.0307417,0.0306869,0.0306322,0.030581,0.0305271,0.0304733,0.0304197,0.0303662,0.0303129,0.0302599,0.0302071,0.0301545,0.0301022,0.0300502,0.0299984,0.0299468,0.0298955,0.0298444,0.0297936,0.0297431,0.0296927,0.0296426,0.0295927,0.0295431,0.0294938,0.0294446,0.0293958
RSHORT,1.5 Deg C,0,0.0422152,0.0424137,0.0421218,0.0415906,0.0409258,0.0402108,0.0392293,0.0365775,0.0411724,0.0395394,0.0397275,0.0390002,0.0381957,0.0376268,0.0368746,0.0361822,0.0355065,0.0345389,0.0344648,0.0323423,0.033524,0.0324903,0.0304073,0.0310478,0.0314564,0.0305713,0.029843,0.0292447,0.0286234,0.0281696,0.0273914,0.0265948,0.0260674,0.02544,0.0250477,0.0244754,0.0180209,0.0257009,0.0243009,0.0231873,0.0222574,0.0214476,0.0207174,0.0200403,0.0194052,0.0187878,0.018189,0.0285493,0.0283986,0.0282742,0.0281419,0.0280321,0.0279269,0.0278248,0.0277252,0.027627,0.0277144,0.0274551,0.0273525,0.0272537,0.0271578,0.0270639,0.0269717,0.0268807,0.0267907,0.026702,0.0266139,0.0265269,0.0264407,0.0263551,0.0262703,0.0261862,0.0261028,0.0260191,0.025934,0.0258524,0.0257719,0.025692,0.0256129,0.0255345
L,1.5 Deg C,7752.9,8137.37,8481.17,8786.62,9056.48,9293.78,9501.6,9682.96,9840.77,9977.73,10096.3,10198.9,10287.4,10363.6,10429.3,10485.8,10534.3,10576,10611.7,10642.4,10668.7,10691.2,10710.5,10727,10741.2,10753.3,10763.7,10772.5,10780.1,10786.6,10792.2,10796.9,10801,10804.5,10807.4,10810,10812.2,10814,10815.6,10817,10818.1,10819.1,10820,10820.7,10821.3,10821.9,10822.3,10822.7,10823,10823.3,10823.6,10823.8,10824,10824.1,10824.2,10824.3,10824.4,10824.5,10824.6,10824.7,10824.7,10824.7,10824.8,10824.8,10824.8,10824.9,10824.9,10824.9,10824.9,10824.9,10824.9,10824.9,10825,10825,10825,10825,10825,10825,10825,10825,10825
AL,1.5 Deg C,5.84,6.25268,6.69098,7.15626,7.64993,8.17343,8.72829,9.3161,9.93849,10.5972,11.2939,12.0306,12.809,13.6312,14.4993,15.4153,16.3814,17.4,18.4733,19.6037,20.7938,22.0462,23.3635,24.7484,26.2039,27.7327,29.338,31.0227,32.7902,34.6435,36.5862,38.6217,40.7534,42.9851,45.3204,47.7632,50.3175,52.9871,55.7763,58.6892,61.7302,64.9036,68.2139,71.6658,75.2638,79.0129,82.9179,86.9837,91.2155,95.6184,100.198,104.959,109.907,115.048,120.387,125.931,131.684,137.654,143.845,150.264,156.918,163.811,170.952,178.346,185.999,193.918,202.111,210.583,219.342,228.393,237.746,247.405,257.379,267.674,278.297,289.257,300.56,312.213,324.224,336.601,349.35
UTILITY,1.5 Deg C,6628.34
MIU,2 Deg C,0.05,0.1,0.24,0.359999,0.41783,0.48028,0.552726,0.618239,0.692499,0.775225,0.863916,0.936466,0.939901,0.954964,0.967978,0.978816,0.987876,0.966793,0.976105,0.979737,0.98388,0.987381,0.994118,1.03101,1.07655,1.1,1.1,1.1,1.1,1.1,1.1,1.1,1.1,1.1,1.1,1.1,1.1,1.05,1.05,1.05,1.05,1.05,1.05,1.05,1.05,1.05,1.05,1.05,1.05,1.05,1.05,1.03974,1.01231,1.01364,1.01083,1.00856,1.0449,1,1,1,1,1,1,1,1,1,1,1,1,1,1,1,1,1,1,1,1,1,1,1,1
S,2 Deg C,0.253977,0.251848,0.249997,0.248236,0.247443,0.24721,0.247074,0.247527,0.248343,0.249178,0.249426,0.249149,0.250683,0.251604,0.252373,0.253089,0.253618,0.255125,0.256024,0.257019,0.258211,0.259705,0.261505,0.262576,0.263382,0.264382,0.265836,0.267151,0.268456,0.269587,0.270651,0.271931,0.273167,0.274423,0.275521,0.276306,0.276867,0.28,0.28,0.28,0.28,0.28,0.28,0.28,0.28,0.28,0.28,0.28,0.28,0.28,0.28,0.28,0.28,0.28,0.28,0.28,0.28,0.28,0.28,0.28,0.28,0.28,0.28,0.28,0.28,0.28,0.28,0.28,0.28,0.28,0.28,0.28,0.28,0.28,0.28,0.28,0.28,0.28,0.28,0.28,0.28
K,2 Deg C,295,344.56,399.128,458.594,522.73,593.134,670.505,754.923,847.462,948.743,1058.77,1176.34,1301.52,1443.89,1601.05,1773.31,1961.49,2165.98,2394.23,2641.64,2910.84,3204.53,3526.36,3879.88,4258.46,4662.2,5099.39,5580.57,6106.18,6678.68,7298.9,7969.54,8697.63,9486.3,10340.1,11260.7,12246.7,13299.4,14496.5,15742,17047.9,18424.6,19881.4,21426.7,23068.5,24814.5,26672,28648.4,30751.1,32987.5,35365.2,37891.9,40579,43438,46463,49666.7,53059,56630.4,60439,64465,68720.4,73217,77967.1,82983.3,88278.4,93865.4,99758.1,105970,112516,119411,126669,134307,142341,150789,159666,168993,178786,189064,199848,211157,223012
YGROSS,2 Deg C,134.891,156.525,180.195,205.963,233.89,264.293,297.377,333.281,372.286,414.627,460.469,509.839,562.943,621.233,684.616,753.368,827.849,908.382,996.191,1091.01,1193.48,1304.31,1424.3,1554.28,1693.86,1843.52,2004.74,2179.24,2367.61,2570.69,2789.14,3023.92,3276.49,3547.88,3839.35,4151.84,4486.05,4842.96,5231.96,5643.53,6080.03,6543.69,7036.64,7560.97,8118.74,8712.07,9343.06,10013.9,10726.8,11484.2,12288.2,13141.6,14047.1,15007.7,16024.8,17101.5,18240.9,19444.2,20719.5,22067,23490.3,24993.1,26579.1,28252.3,30016.6,31876.2,33835.3,35898.4,38070,40354.7,42757.4,45283.1,47936.9,50724.1,53650.3,56720.9,59941.7,63318.8,66858.1,70566,74448.9
YNET,2 Deg C,134.164,155.424,178.702,204.046,231.498,261.362,293.847,329.091,367.387,408.99,454.101,502.768,555.136,612.617,675.122,742.92,816.368,895.784,982.376,1075.88,1176.93,1286.22,1404.57,1533.01,1671.41,1820.22,1980.71,2154.54,2342.32,2544.9,2763,2997.58,3250.12,3521.71,3813.62,4126.82,4462.03,4818.45,5206.75,5617.77,6053.97,6517.59,7010.78,7535.66,8094.29,8688.79,9321.27,9993.91,10708.9,11468.5,12275.1,13130.2,14034.9,14994.7,16010.9,17086.6,18225.1,19427.3,20701.5,22047.9,23469.9,24971.4,26556.1,28227.8,29990.6,31848.6,33806,35867.1,38036.4,40318.7,42718.9,45241.9,47893,50677.4,53600.5,56668,59885.6,63259.3,66795,70499.2,74378.2
Y,2 Deg C,134.158,155.386,178.332,202.981,229.925,259.104,290.599,324.561,361.053,400.155,441.931,487.183,538.811,594.943,656.097,722.565,794.693,874.266,959.188,1051.26,1150.77,1258.44,1374.81,1498.56,1630.81,1775.01,1933.09,2104.36,2289.42,2489.15,2704.3,2935.82,3185.18,3453.47,3741.96,4051.62,4383.17,4745.25,5130,5537.44,5969.98,6429.87,6919.24,7440.2,7994.82,8585.21,9213.47,9881.78,10592.3,11347.4,12149.4,13003,13911.8,14866.6,15879.1,16951,18071.1,19285.2,20554.6,21896,23313.1,24809.5,26388.9,28055.4,29812.8,31665.4,33617.3,35672.8,37836.4,40113,42507.3,45024.5,47669.7,50448.1,53365.1,56426.5,59637.9,63005.3,66534.8,70232.7,74105.3
I,2 Deg C,34.073,39.1337,44.5825,50.3871,56.8934,64.0531,71.7993,80.3376,89.6651,99.7097,110.229,121.381,135.071,149.69,165.581,182.873,201.548,223.048,245.575,270.195,297.141,326.823,359.52,393.485,429.525,469.281,513.886,562.182,614.608,671.043,731.922,798.34,870.086,947.713,1030.99,1119.49,1213.56,1328.67,1436.4,1550.48,1671.59,1800.36,1937.39,2083.26,2238.55,2403.86,2579.77,2766.9,2965.86,3177.28,3401.83,3640.83,3895.3,4162.65,4446.15,4746.27,5059.92,5399.87,5755.28,6130.88,6527.66,6946.65,7388.9,7855.51,8347.59,8866.3,9412.84,9988.37,10594.2,11231.6,11902.1,12606.9,13347.5,14125.5,14942.2,15799.4,16698.6,17641.5,18629.8,19665.2,20749.5
C,2 Deg C,100.085,116.252,133.75,152.593,173.032,195.05,218.799,244.224,271.388,300.446,331.702,365.802,403.74,445.253,490.516,539.692,593.144,651.219,713.613,781.069,853.627,931.619,1015.29,1105.07,1201.28,1305.73,1419.21,1542.18,1674.81,1818.11,1972.38,2137.48,2315.1,2505.76,2710.97,2932.13,3169.61,3416.58,3693.6,3986.96,4298.38,4629.5,4981.85,5356.94,5756.27,6181.35,6633.7,7114.88,7626.49,8170.16,8747.56,9362.14,10016.5,10704,11433,12204.7,13011.2,13885.4,14799.3,15765.1,16785.4,17862.8,19000,20199.9,21465.2,22799.1,24204.4,25684.4,27242.2,28881.3,30605.3,32417.7,34322.2,36322.6,38422.9,40627.1,42939.3,45363.8,47905.1,50567.5,53355.8
CPC,2 Deg C,12.9094,14.2862,15.7702,17.3666,19.1059,20.9872,23.0276,25.222,27.578,30.1116,32.8536,35.8668,39.2462,42.963,47.0325,51.469,56.3061,61.5754,67.2477,73.3924,80.0125,87.1389,94.7941,103.017,111.839,121.426,131.852,143.159,155.361,168.553,182.76,197.971,214.341,231.919,250.843,271.243,293.153,315.94,341.507,368.583,397.331,427.9,460.431,495.064,531.937,571.191,612.965,657.403,704.653,754.866,808.195,864.96,925.4,988.901,1056.24,1127.52,1202.02,1282.77,1367.19,1456.41,1550.66,1650.18,1755.24,1866.07,1982.96,2106.17,2236,2372.71,2516.62,2668.04,2827.29,2994.72,3170.65,3355.45,3549.47,3753.09,3966.69,4190.66,4425.42,4671.37,4928.95
DAMFRAC,2 Deg C,0.00539251,0.00703754,0.00828704,0.00930771,0.0102266,0.0110864,0.0118716,0.0125726,0.0131611,0.0135945,0.0138288,0.0138683,0.0138683,0.0138683,0.0138683,0.0138683,0.0138683,0.0138683,0.0138683,0.0138682,0.0138683,0.0138683,0.0138528,0.0136813,0.0132533,0.0126404,0.0119874,0.011334,0.0106827,0.0100304,0.00937461,0.00871379,0.00804759,0.00737658,0.00670225,0.00602706,0.00535451,0.00505991,0.00481922,0.0045643,0.0042869,0.00398907,0.00367457,0.0033474,0.00301171,0.00267173,0.00233186,0.00199665,0.0016708,0.00135923,0.00106698,0.000867478,0.000867137,0.000866981,0.000867051,0.000866907,0.00086675,0.00086675,0.00086675,0.00086675,0.00086675,0.00086675,0.00086675,0.00086675,0.00086675,0.00086675,0.00086675,0.000873133,0.000883327,0.000892541,0.00090088,0.000908428,0.000915251,0.000921407,0.000926946,0.000931913,0.000936348,0.000940288,0.00094377,0.000946824,0.000949481
DAMAGES,2 Deg C,0.727404,1.10155,1.49328,1.91705,2.3919,2.93005,3.53035,4.19022,4.8997,5.63664,6.36776,7.07059,7.80706,8.61543,9.49446,10.4479,11.4808,12.5977,13.8155,15.1304,16.5516,18.0886,19.7306,21.2645,22.4493,23.3028,24.0316,24.6995,25.2924,25.7851,26.1471,26.3499,26.3678,26.1712,25.7323,25.0234,24.0206,24.5049,25.214,25.7588,26.0645,26.1033,25.8566,25.3096,24.4513,23.2763,21.7867,19.9942,17.9224,15.6096,13.1113,11.4,12.1807,13.0114,13.8943,14.8254,15.8103,16.8532,17.9586,19.1266,20.3602,21.6628,23.0375,24.4877,26.0169,27.6287,29.3268,31.3441,33.6283,36.0182,38.5193,41.1364,43.8743,46.7376,49.7309,52.8589,56.1263,59.5379,63.0987,66.8136,70.6878
ABATECOST,2 Deg C,0.00609507,0.0375206,0.369201,1.06573,1.5731,2.25895,3.24812,4.52949,6.33311,8.8345,12.1704,15.5854,16.3246,17.674,19.0249,20.3559,21.6754,21.5181,23.1877,24.6118,26.1655,27.7802,29.7606,34.4571,40.5991,45.2087,47.6125,50.1798,52.906,55.746,58.6958,61.7559,64.9363,68.2368,71.6603,75.2026,78.8546,73.2009,76.7435,80.3339,83.9895,87.7229,91.5434,95.4575,99.4701,103.585,107.804,112.13,116.563,121.104,125.754,127.222,123.108,128.075,131.759,135.659,153.958,142.078,146.922,151.853,156.87,161.973,167.16,172.432,177.786,183.22,188.733,194.323,199.987,205.724,211.531,217.405,223.344,229.345,235.406,241.524,247.696,253.918,260.187,266.5,272.855
ABATERAT,2 Deg C,4.54321e-05,0.000241467,0.0020703,0.00525042,0.0068418,0.00871834,0.0111774,0.0139557,0.0175407,0.0220777,0.027539,0.0319909,0.0302974,0.029707,0.0289971,0.0281717,0.0272752,0.0246127,0.0241743,0.0234116,0.0227374,0.022075,0.0216471,0.0229936,0.0248951,0.0254695,0.0246302,0.0238456,0.023109,0.0223956,0.0217046,0.0210353,0.020387,0.0197589,0.0191505,0.0185611,0.0179903,0.0154261,0.0149597,0.0145074,0.0140686,0.013643,0.0132303,0.01283,0.0124418,0.0120655,0.0117007,0.0113471,0.0110044,0.0106724,0.0103506,0.00978409,0.00884919,0.00861495,0.00829762,0.00800305,0.00851956,0.00736718,0.00714789,0.00693517,0.00672883,0.00652866,0.00633449,0.00614613,0.0059634,0.00578613,0.00561417,0.00544737,0.00528558,0.00512862,0.00497633,0.00482858,0.00468524,0.00454617,0.00441124,0.00428033,0.00415332,0.0040301,0.00391054,0.00379454,0.00368199
MCABATE,2 Deg C,5.76033,16.6104,64.1216,116.69,140.876,167.461,199.445,237.403,283.227,337.581,399.462,452.207,452.595,461.94,469.7,475.758,480.415,461.801,466.6,467.039,467.858,468.177,470.939,496.725,529.632,545.478,542.758,540.051,537.357,534.677,532.01,529.357,526.717,524.09,521.476,518.875,516.287,476.864,474.485,472.119,469.764,467.421,465.09,462.77,460.462,458.166,455.881,453.607,451.345,449.093,446.854,437.694,417.276,416.066,412.157,408.627,430.28,399.082,397.091,395.111,393.14,391.18,389.229,387.287,385.356,383.434,381.521,379.618,377.725,375.841,373.967,372.102,370.246,368.399,366.562,364.733,362.914,361.104,359.303,357.511,355.728
CPRICE,2 Deg C,5.76033,16.6104,64.1216,116.69,140.876,167.461,199.445,237.403,283.227,337.581,399.462,452.207,452.595,461.94,469.7,475.758,480.415,461.801,466.6,467.039,467.858,468.177,470.939,496.725,529.632,545.478,542.758,540.051,537.357,534.677,532.01,529.357,526.717,524.09,521.476,518.875,516.287,476.864,474.485,472.119,469.764,467.421,465.09,462.77,460.462,458.166,455.881,453.607,451.345,449.093,446.854,437.694,417.276,416.066,412.157,408.627,430.28,399.082,397.091,395.111,393.14,391.18,389.229,387.287,385.356,383.434,381.521,379.618,377.725,375.841,373.967,372.102,370.246,368.399,366.562,364.733,362.914,361.104,359.303,357.511,355.728
SCC,2 Deg C,5.76033,16.6104,64.1216,116.69,140.876,167.461,199.445,237.403,283.227,337.581,399.462,452.207,452.595,461.94,469.7,475.758,480.415,461.801,466.6,467.039,467.858,468.177,470.939,496.725,529.632,545.478,542.758,540.051,537.357,534.677,532.01,529.357,526.717,524.09,521.476,518.875,516.287,476.864,474.485,472.119,469.764,467.421,465.09,462.77,460.462,458.166,455.881,453.607,451.345,449.093,446.854,437.694,417.276,416.066,412.157,408.627,430.28,399.082,397.091,395.111,393.14,391.18,389.229,387.287,385.356,383.434,381.521,379.618,377.725,375.841,373.967,372.102,370.246,368.399,366.562,364.733,362.914,361.104,359.303,357.511,355.728
ECO2,2 Deg C,42.9412,42.8572,38.0779,33.6936,32.1629,30.1202,27.1895,24.3383,20.5631,15.7703,10.0187,4.90701,4.86864,3.83381,2.86696,1.99611,1.20312,3.4717,2.63514,2.35805,1.98041,1.63769,0.806885,-4.50013,-11.7481,-16.2321,-17.1741,-18.1848,-19.2634,-20.3943,-21.5767,-22.8115,-24.1029,-25.4518,-26.8599,-28.3264,-29.8486,-15.7129,-16.5549,-17.4155,-18.2985,-19.2071,-20.1434,-21.1095,-22.1066,-23.1361,-24.1988,-25.2956,-26.4271,-27.5941,-28.7969,-23.8732,-7.71165,-8.90142,-7.36078,-6.05339,-33.0361,8.51684e-05,8.81946e-05,9.20915e-05,9.55005e-05,9.86736e-05,0.000102239,0.000113915,0.000110965,0.000113725,0.000117807,0.000122144,0.000126151,0.000130513,0.000135387,0.000139299,0.00014368,0.000150004,0.000153411,0.000157584,0.000162512,0.000173783,0.000177334,0.000180986,6.28676e-05
EIND,2 Deg C,37.3362,38.0782,34.4458,30.9409,29.9093,28.3096,25.7871,23.261,19.7821,15.2565,9.73871,4.78938,4.7685,3.76627,2.82374,1.97037,1.18986,3.43903,2.61398,2.34191,1.96885,1.62954,0.803468,-4.48391,-11.712,-16.1897,-17.136,-18.1505,-19.2325,-20.3665,-21.5517,-22.789,-24.0827,-25.4336,-26.8435,-28.3116,-29.8353,-15.7069,-16.5496,-17.4107,-18.2942,-19.2031,-20.1399,-21.1063,-22.1038,-23.1335,-24.1965,-25.2935,-26.4253,-27.5924,-28.7954,-23.8721,-7.71134,-8.90111,-7.36057,-6.05323,-33.0353,8.51667e-05,8.81931e-05,9.20902e-05,9.54993e-05,9.86725e-05,0.000102238,0.000113914,0.000110965,0.000113725,0.000117807,0.000122144,0.00012615,0.000130512,0.000135387,0.000139299,0.00014368,0.000150004,0.000153411,0.000157583,0.000162512,0.000173782,0.000177333,0.000180986,6.28675e-05
ECO2E,2 Deg C,52.4032,52.1328,46.1738,40.7328,38.7676,36.1964,32.5736,29.0659,24.4776,18.7095,11.8452,5.7818,5.71694,4.48509,3.34112,2.31712,1.39105,3.98642,3.00551,2.67213,2.23027,1.83329,0.89806,-4.98086,-12.9346,-17.7821,-18.7241,-19.7348,-20.8134,-21.9443,-23.1267,-24.3615,-25.6529,-27.0018,-28.4099,-29.8764,-31.3986,-16.4879,-17.3299,-18.1905,-19.0735,-19.9821,-20.9184,-21.8845,-22.8816,-23.9111,-24.9738,-26.0706,-27.2021,-28.3691,-29.5719,-24.4892,-7.90251,-9.11285,-7.52867,-6.18604,-33.732,8.6894e-05,8.9914e-05,9.382e-05,9.72269e-05,0.000100393,0.000103957,0.00011576,0.0001127,0.000115442,0.000119525,0.000123866,0.00012787,0.000132233,0.000137114,0.000141019,0.000145399,0.000151742,0.000155135,0.0001593,0.00016423,0.000175565,0.0001791,0.000182738,6.34588e-05
CCATOT,2 Deg C,633.5,692.067,750.519,802.453,848.407,892.274,933.354,970.437,1003.63,1031.68,1053.19,1066.85,1073.54,1080.18,1085.41,1089.32,1092.05,1093.69,1098.42,1102.02,1105.23,1107.93,1110.17,1111.27,1105.13,1089.11,1066.97,1043.54,1018.74,992.469,964.653,935.225,904.113,871.239,836.526,799.892,761.258,720.548,699.117,676.538,652.786,627.829,601.632,574.159,545.368,515.217,483.662,450.658,416.158,380.114,342.479,303.203,270.643,260.125,247.985,237.946,229.689,184.632,184.632,184.632,184.632,184.633,184.633,184.633,184.633,184.633,184.633,184.633,184.634,184.634,184.634,184.634,184.634,184.635,184.635,184.635,184.635,184.635,184.636,184.636,184.636
CACC,2 Deg C,334.987,364.405,398.878,430.892,457.681,484.037,510.243,534.86,559.029,582.507,604.796,623.565,633.664,644.002,653.266,661.508,668.826,671.75,678.746,684.616,690.245,695.449,700.873,711.138,721.606,725.487,722.326,717.675,711.749,704.587,696.178,686.489,675.471,663.06,649.182,633.749,616.66,579.8,565.747,551.964,537.935,523.477,508.472,492.816,476.405,459.14,440.921,421.644,401.21,379.516,356.457,325.665,286.017,273.948,260.211,248.645,266.901,209.479,202.841,197.952,194.111,190.92,188.145,185.654,183.368,181.241,179.246,177.368,175.595,173.918,172.332,170.83,169.408,168.062,166.787,165.581,164.438,163.357,162.334,161.366,160.45
MAT,2 Deg C,886.513,915.662,939.641,959.561,978.726,996.237,1011.11,1023.58,1032.6,1037.17,1036.39,1031.29,1027.88,1024.18,1020.15,1015.82,1011.22,1009.94,1007.67,1005.4,1002.99,1000.48,997.293,988.129,971.523,951.619,932.641,913.869,894.992,875.882,856.475,836.736,816.642,796.179,775.343,754.143,732.598,728.748,721.37,712.575,702.851,692.351,681.16,669.343,656.963,644.077,630.742,617.014,602.947,588.598,574.022,565.538,572.626,574.177,575.774,577.301,550.788,563.153,569.792,574.68,578.521,581.713,584.488,586.979,589.265,591.392,593.387,595.266,597.039,598.715,600.302,601.804,603.226,604.572,605.847,607.054,608.197,609.278,610.302,611.27,612.186
PPM,2 Deg C,416.203,429.888,441.146,450.498,459.496,467.717,474.7,480.553,484.79,486.934,486.568,484.172,482.573,480.836,478.942,476.909,474.751,474.149,473.087,472.018,470.886,469.71,468.212,463.91,456.114,446.77,437.86,429.047,420.184,411.212,402.101,392.834,383.4,373.793,364.011,354.058,343.943,342.135,338.672,334.542,329.977,325.048,319.793,314.246,308.433,302.383,296.123,289.678,283.074,276.337,269.494,265.511,268.838,269.567,270.316,271.033,258.586,264.391,267.508,269.803,271.606,273.105,274.407,275.577,276.65,277.649,278.585,279.467,280.3,281.087,281.832,282.537,283.205,283.837,284.435,285.002,285.538,286.046,286.527,286.981,287.411
ATFRAC2020,2 Deg C,0,0.49771,0.454016,0.432357,0.429085,0.424016,0.415529,0.406795,0.394698,0.378367,0.357118,0.334078,0.321257,0.308202,0.295708,0.283668,0.271961,0.268204,0.260608,0.253751,0.246906,0.240224,0.232405,0.212689,0.180248,0.142901,0.106417,0.0667157,0.0220113,-0.0296148,-0.0907071,-0.164974,-0.258196,-0.379971,-0.547563,-0.795531,-1.20473,-1.81239,-2.51675,-4.04147,-9.52324,34.2351,6.44393,3.65969,2.60462,2.04963,1.70699,1.47395,1.3047,1.17573,1.07377,0.971778,0.865044,0.83652,0.806035,0.781719,0.831392,0.72039,0.7056,0.69471,0.686153,0.679042,0.672861,0.66731,0.662217,0.657479,0.653035,0.64885,0.6449,0.641165,0.637631,0.634285,0.631117,0.628118,0.625278,0.622589,0.620044,0.617635,0.615356,0.613199,0.611159
ATFRAC1765,2 Deg C,0.471212,0.473454,0.468531,0.463031,0.460541,0.457524,0.453323,0.448846,0.442994,0.435378,0.425746,0.415509,0.409746,0.403803,0.398141,0.392735,0.387547,0.385793,0.382071,0.37876,0.375475,0.3723,0.368677,0.360065,0.347039,0.333869,0.32301,0.312272,0.301345,0.290067,0.278312,0.265964,0.252891,0.238946,0.223954,0.207707,0.189947,0.195334,0.19077,0.184135,0.175939,0.16621,0.154845,0.141674,0.126452,0.108841,0.0883712,0.0643805,0.0359175,0.00157401,-0.0408139,-0.0740828,-0.0568066,-0.0531382,-0.0493011,-0.0449661,-0.16201,-0.134576,-0.0986195,-0.0721426,-0.0513397,-0.0340514,-0.0190233,-0.005529,0.00685343,0.0183722,0.0291767,0.0393517,0.0489557,0.0580358,0.0666282,0.0747626,0.0824648,0.0897579,0.0966631,0.1032,0.109388,0.115245,0.120787,0.126031,0.130991
RES0,2 Deg C,150.093,162.79,174.07,184.052,193.58,202.503,210.558,217.768,223.859,228.531,231.498,232.951,234.392,235.527,236.375,236.966,237.321,238.349,239.128,239.826,240.412,240.896,241.134,239.8,236.318,231.507,226.418,221.029,215.32,209.277,202.883,196.123,188.98,181.438,173.479,165.085,156.24,151.583,146.677,141.516,136.093,130.401,124.431,118.176,111.625,104.768,97.5975,90.1015,82.2703,74.0934,65.5601,58.4857,56.1998,53.5614,51.3795,49.585,39.7959,39.7951,39.7943,39.7935,39.7927,39.7918,39.791,39.7902,39.7894,39.7885,39.7877,39.7869,39.786,39.7852,39.7843,39.7835,39.7827,39.7818,39.781,39.7801,39.7793,39.7784,39.7776,39.7768,39.7759
RES1,2 Deg C,102.698,113.115,122.154,129.927,137.289,144.084,150.045,155.196,159.256,161.92,162.895,162.372,161.877,161.108,160.083,158.831,157.375,156.632,155.665,154.641,153.53,152.341,150.927,147.936,142.784,136.311,129.588,122.595,115.315,107.735,99.8434,91.6296,83.0825,74.1925,64.9512,55.3528,45.3952,39.8259,34.0766,28.1514,22.0536,15.7868,9.35598,2.76763,-3.96923,-10.8425,-17.8364,-24.9302,-32.0974,-39.3044,-46.5092,-51.8072,-51.8763,-52.2394,-52.0576,-51.4349,-58.9874,-56.0006,-53.1252,-50.3693,-47.7351,-45.222,-42.8272,-40.5473,-38.3783,-36.3162,-34.3567,-32.4971,-30.734,-29.0627,-27.4786,-25.9777,-24.5557,-23.2089,-21.9334,-20.7257,-19.5823,-18.5002,-17.4761,-16.507,-15.5903
RES2,2 Deg C,39.534,44.7389,48.3206,50.6192,52.7193,54.4268,55.4437,55.8293,55.2805,53.4831,50.1635,45.632,41.7466,38.0516,34.5238,31.1573,27.9443,25.9439,23.9068,22.0295,20.2519,18.5699,16.7921,13.3056,7.57608,0.840025,-5.48657,-11.4389,-17.0437,-22.3149,-27.2595,-31.8782,-36.1665,-40.1129,-43.6993,-46.8995,-49.6784,-46.3658,-43.6353,-41.4052,-39.5901,-38.1104,-36.8939,-35.8743,-34.9911,-34.1889,-33.4175,-32.6318,-31.7925,-30.8667,-29.8291,-26.7005,-18.9486,-14.3368,-10.8961,-8.32692,-15.0999,-8.6165,-4.87724,-2.74407,-1.5365,-0.856885,-0.476183,-0.263767,-0.145665,-0.0802079,-0.0440354,-0.0241132,-0.0131675,-0.0071622,-0.00387168,-0.00207098,-0.00108634,-0.000547581,-0.000253234,-9.19999e-05,-3.0678e-06,4.8349e-05,7.71511e-05,9.37083e-05,6.8634e-05
RES3,2 Deg C,6.1865,7.01869,7.09651,6.96204,7.13755,7.22288,7.06393,6.78447,6.20667,5.23659,3.83402,2.33086,1.86373,1.49524,1.16478,0.861357,0.579092,1.0113,0.974604,0.902458,0.792774,0.676201,0.439751,-0.912398,-3.1553,-5.03911,-5.87803,-6.31591,-6.59914,-6.81461,-6.99156,-7.13791,-7.25453,-7.33877,-7.38707,-7.3951,-7.35816,-4.29532,-3.74769,-3.68715,-3.70565,-3.7258,-3.73341,-3.72559,-3.70138,-3.66021,-3.60176,-3.52598,-3.43317,-3.32405,-3.19972,-2.44011,-0.749194,-0.807814,-0.651655,-0.522658,-2.92048,-0.024971,-0.000192576,5.59259e-06,7.29725e-06,7.49931e-06,7.72381e-06,8.55575e-06,8.30021e-06,8.46486e-06,8.73038e-06,9.02282e-06,9.29617e-06,9.59461e-06,9.92984e-06,1.01944e-05,1.04921e-05,1.09302e-05,1.11572e-05,1.14379e-05,1.17731e-05,1.25643e-05,1.28016e-05,1.30432e-05,4.56908e-06
ALPHA,2 Deg C,0.447154,0.511902,0.57565,0.634806,0.688124,0.741757,0.795677,0.847525,0.897995,0.94544,0.987552,1.01993,1.03714,1.05501,1.07124,1.08586,1.09898,1.10426,1.11699,1.12776,1.13818,1.14788,1.15761,1.17191,1.17879,1.16707,1.14053,1.11124,1.07982,1.04637,1.01092,0.973494,0.934149,0.892941,0.849955,0.805297,0.759102,0.701238,0.675786,0.650689,0.625038,0.5987,0.571693,0.544068,0.515899,0.487279,0.458323,0.429165,0.399965,0.370902,0.342167,0.312728,0.287476,0.280167,0.272065,0.265407,0.275974,0.243979,0.240512,0.237989,0.236024,0.234402,0.233001,0.23175,0.230607,0.229549,0.22856,0.227831,0.227273,0.226732,0.226209,0.225703,0.225214,0.224742,0.224287,0.223848,0.223425,0.223018,0.222626,0.222248,0.221885
IRFT,2 Deg C,43.9591,45.2577,46.418,47.4113,48.2492,49.0446,49.8018,50.4938,51.1365,51.7151,52.2094,52.5778,52.7697,52.9661,53.1421,53.2987,53.4378,53.4933,53.6263,53.7378,53.8448,53.9436,54.042,54.1854,54.2538,54.137,53.8688,53.5664,53.2343,52.8715,52.4762,52.0463,51.5795,51.0734,50.5254,49.9327,49.2926,48.4478,48.0597,47.6662,47.2521,46.8137,46.3488,45.856,45.3336,44.7799,44.1933,43.572,42.9143,42.2187,41.4832,40.671,39.9173,39.6878,39.4269,39.2069,39.5536,38.4626,38.3365,38.2436,38.1706,38.11,38.0573,38.0099,37.9665,37.9261,37.8882,37.8601,37.8386,37.8177,37.7974,37.7778,37.7587,37.7403,37.7226,37.7054,37.6888,37.6728,37.6574,37.6425,37.6282
FORC,2 Deg C,2.79184,3.01356,3.1941,3.33379,3.45646,3.5647,3.65308,3.72247,3.76867,3.78562,3.76787,3.7204,3.67856,3.64077,3.60434,3.56919,3.5353,3.50262,3.47109,3.44069,3.41139,3.38312,3.35234,3.2881,3.1763,3.03867,2.90353,2.77024,2.63639,2.50066,2.36212,2.22002,2.07368,1.92246,1.76579,1.60316,1.43414,1.40023,1.34647,1.28029,1.2053,1.12248,1.03224,0.934875,0.830622,0.719684,0.602251,0.478506,0.348633,0.212829,0.0713045,-0.0125609,0.0600586,0.0811855,0.101714,0.121259,-0.141053,-0.0169046,0.0546999,0.107577,0.149169,0.183658,0.213472,0.24003,0.264172,0.286407,0.307058,0.326322,0.344341,0.361234,0.377094,0.391999,0.406015,0.419204,0.431619,0.443309,0.454319,0.464691,0.474464,0.483674,0.492354
FORC_CO2,2 Deg C,2.32784,2.51127,2.65784,2.77677,2.8889,2.98944,3.07347,3.14295,3.19272,3.21775,3.21348,3.18549,3.16673,3.14629,3.12391,3.09979,3.07408,3.06688,3.05417,3.04135,3.02773,3.01356,2.99545,2.94311,2.84702,2.72965,2.61544,2.50015,2.38181,2.25944,2.1324,2.0002,1.86238,1.7185,1.56815,1.41096,1.24662,1.21674,1.15905,1.08949,1.01159,0.926255,0.833858,0.734637,0.628784,0.516467,0.397847,0.27308,0.142328,0.00576622,-0.13641,-0.220837,-0.150219,-0.134876,-0.119131,-0.10412,-0.370673,-0.244796,-0.17835,-0.129914,-0.0921458,-0.0609488,-0.0339692,-0.00985196,0.0121882,0.0326145,0.0517075,0.0696296,0.0864942,0.102393,0.117397,0.131564,0.144946,0.157589,0.169533,0.180818,0.191479,0.201551,0.211066,0.220053,0.228541
F_GHGABATE,2 Deg C,0.518,0.53636,0.550388,0.5512,0.541808,0.529572,0.513989,0.493962,0.47045,0.442441,0.409011,0.369602,0.326582,0.289288,0.255297,0.224339,0.196221,0.170741,0.151924,0.134343,0.118669,0.10456,0.0918943,0.0799917,0.0642819,0.0440156,0.023095,0.0050823,-0.0104266,-0.0237798,-0.0352769,-0.0451759,-0.0536989,-0.0610373,-0.0673556,-0.0727956,-0.0774795,-0.0815123,-0.0775834,-0.0742005,-0.0712879,-0.0687801,-0.0666209,-0.0647618,-0.0631612,-0.061783,-0.0605964,-0.0595747,-0.0586951,-0.0579377,-0.0572856,-0.0567241,-0.0547221,-0.0489385,-0.0441552,-0.0396209,-0.0353804,-0.0371084,-0.0319503,-0.0275092,-0.0236854,-0.0203931,-0.0175584,-0.0151178,-0.0130164,-0.0112071,-0.00964931,-0.00830804,-0.0071532,-0.00615889,-0.00530279,-0.00456569,-0.00393104,-0.00338461,-0.00291413,-0.00250905,-0.00216028,-0.00185998,-0.00160143,-0.00137881,-0.00118714
TATM,2 Deg C,1.24715,1.42473,1.54605,1.63849,1.71747,1.78821,1.85045,1.9043,1.94836,1.98018,1.99717,2.00002,2.00002,2.00002,2.00002,2.00002,2.00002,2.00002,2.00002,2.00002,2.00002,2.00002,1.9989,1.98649,1.95518,1.90943,1.85945,1.80807,1.75535,1.70092,1.64437,1.58536,1.52355,1.45865,1.39038,1.31849,1.24275,1.20808,1.17899,1.14739,1.11197,1.07265,1.0295,0.9826,0.932029,0.877848,0.820115,0.758881,0.694202,0.626137,0.554754,0.50021,0.500112,0.500067,0.500087,0.500045,0.5,0.5,0.5,0.5,0.5,0.5,0.5,0.5,0.5,0.5,0.5,0.501838,0.504759,0.507384,0.509749,0.51188,0.513799,0.515524,0.517071,0.518455,0.519687,0.520779,0.521742,0.522586,0.523319
TBOX1,2 Deg C,0.1477,0.165072,0.183307,0.202108,0.221348,0.24092,0.260682,0.280501,0.300218,0.319637,0.338528,0.356701,0.374209,0.391093,0.407376,0.423078,0.438222,0.452826,0.466909,0.480491,0.493589,0.50622,0.518378,0.529844,0.540311,0.549623,0.557823,0.564945,0.571008,0.576023,0.579991,0.582911,0.584776,0.585575,0.585293,0.583912,0.581412,0.578734,0.575747,0.572374,0.568561,0.564266,0.559449,0.55407,0.548097,0.541495,0.534234,0.526285,0.51762,0.508214,0.498044,0.487518,0.477706,0.468243,0.459118,0.450317,0.439918,0.430581,0.421926,0.413812,0.40615,0.398883,0.391971,0.385384,0.3791,0.373098,0.367362,0.361877,0.35663,0.351607,0.346797,0.34219,0.337774,0.33354,0.32948,0.325584,0.321844,0.318253,0.314804,0.31149,0.308304
TBOX2,2 Deg C,1.09945,1.25966,1.36274,1.43638,1.49612,1.54729,1.58977,1.6238,1.64814,1.66054,1.65865,1.64332,1.62581,1.60893,1.59265,1.57694,1.5618,1.5472,1.53311,1.51953,1.50643,1.4938,1.48053,1.45665,1.41486,1.3598,1.30163,1.24312,1.18434,1.12489,1.06438,1.00244,0.938771,0.873073,0.805086,0.734574,0.661335,0.629342,0.603247,0.575014,0.543413,0.508386,0.470051,0.42853,0.383932,0.336354,0.285881,0.232596,0.176582,0.117923,0.0567096,0.0126917,0.0224054,0.0318235,0.0409688,0.0497285,-0.0293385,-0.013849,0.0129685,0.037274,0.0573323,0.073937,0.0880759,0.10048,0.111623,0.121805,0.131212,0.139961,0.148129,0.155777,0.162952,0.16969,0.176025,0.181984,0.187591,0.192871,0.197843,0.202526,0.206938,0.211096,0.215014
PERIODU,2 Deg C,1.72873,1.8442,1.95736,2.06831,2.17866,2.28776,2.39605,2.50277,2.60794,2.71192,2.81547,2.92019,3.02813,3.13708,3.24655,3.35607,3.46571,3.57539,3.6839,3.79206,3.89934,4.00579,4.11129,4.21596,4.31977,4.4241,4.52903,4.63427,4.73932,4.84442,4.94921,5.05314,5.15684,5.26013,5.36332,5.46658,5.56958,5.66921,5.77318,5.87551,5.97663,6.07678,6.17617,6.27489,6.37304,6.47066,6.56778,6.66442,6.76059,6.8563,6.95154,7.04657,7.14145,7.23499,7.32814,7.4208,7.51186,7.6047,7.69601,7.78685,7.87725,7.96721,8.05673,8.14583,8.2345,8.32275,8.41058,8.49798,8.58495,8.67151,8.75764,8.84337,8.92867,9.01356,9.09804,9.1821,9.26575,9.34898,9.43181,9.51422,9.59622
TOTPERIODU,2 Deg C,13402.7,13192.4,12857.9,12430,11944.2,11417.4,10869.1,10309.7,9750.9,9202.58,8673.25,8171.07,7702.39,7261.09,6846.06,6456.25,6091.38,5750.64,5431.35,5133.98,4856.85,4599.04,4359.39,4137.02,3930.83,3741,3566.34,3405.51,3257.15,3120.53,2994.61,2878.33,2771.4,2673.1,2583.02,2500.68,2425.44,2355.56,2293.89,2237.55,2186.44,2140.41,2099.28,2062.89,2031.06,2003.66,1980.55,1961.61,1843.06,1731.2,1625.7,1526.29,1432.67,1344.3,1261.09,1182.77,1108.9,1039.74,974.542,913.253,855.653,801.536,750.704,702.973,658.163,616.106,576.643,539.622,504.898,472.338,441.812,413.2,386.386,361.263,337.728,315.684,295.042,275.714,257.621,240.686,224.838
RFACTLONG,2 Deg C,1e+06,798397,640409,516020,417119,338428,275500,225157,184733,152112,125624,103924,85980.2,71266.1,59203.2,49310.6,41176.6,34474.3,28965.4,24407.9,20635.4,17502.9,14895.5,12717.6,10893.5,9351.56,8045.18,6937.71,5999.06,5200.71,4521.34,3943.36,3448.74,3024.86,2660.1,2345.23,2073.36,1842.13,1635.82,1458.05,1304.05,1170.08,1053.12,950.701,860.771,781.611,711.773,650.03,563.623,488.968,424.432,368.548,320.125,278.374,242.182,210.809,183.731,159.974,139.458,121.634,106.139,92.6622,80.9341,70.7229,61.828,54.0762,47.3172,41.4215,36.2764,31.7841,27.8601,24.4308,21.4327,18.8103,16.5157,14.5069,12.7476,11.2062,9.85512,8.67038,7.63107
RLONG,2 Deg C,0,0.0450298,0.0445649,0.0441073,0.0437191,0.0433377,0.0429722,0.0425987,0.0422212,0.0418476,0.0414893,0.0411654,0.040894,0.0406359,0.0403826,0.0401282,0.0398736,0.0396181,0.0393517,0.0390826,0.0388075,0.0385275,0.0382427,0.0379545,0.0376632,0.0373777,0.0370976,0.0368206,0.0365439,0.0362687,0.035993,0.0357143,0.0354359,0.0351569,0.0348788,0.0346021,0.0343255,0.0340369,0.0337664,0.0334905,0.0332114,0.0329302,0.0326476,0.0323642,0.0320804,0.0317962,0.031512,0.0312276,0.0311714,0.0311152,0.031059,0.0310037,0.0309492,0.0308926,0.0308364,0.0307802,0.0307216,0.0306684,0.0306129,0.0305576,0.0305025,0.0304477,0.0303931,0.0303389,0.0302849,0.0302311,0.0301777,0.0301245,0.0300716,0.030019,0.0299666,0.0299145,0.0298628,0.0298112,0.02976,0.029709,0.0296583,0.0296079,0.0295577,0.0295078,0.0294582
RSHORT,2 Deg C,0,0.0450298,0.0440999,0.0431921,0.0425547,0.0418121,0.0411445,0.0403578,0.0395782,0.0388588,0.038265,0.037926,0.0379085,0.0375395,0.0370888,0.0365676,0.0360536,0.0355309,0.0348224,0.0342389,0.0335804,0.032928,0.0322613,0.0316145,0.0309645,0.0305246,0.0300939,0.0296204,0.0290737,0.0285615,0.0279975,0.0273551,0.0268046,0.0262286,0.0257002,0.025196,0.0246428,0.0236501,0.0237547,0.0230097,0.0223253,0.0216806,0.0210625,0.0204624,0.0198743,0.0192942,0.0187196,0.0181483,0.0285266,0.0284175,0.0283092,0.0282362,0.028172,0.027949,0.0278549,0.0277482,0.0274955,0.0276922,0.0274491,0.0273498,0.0272531,0.0271583,0.0270651,0.0269732,0.0268825,0.0267927,0.0267039,0.0266147,0.0265266,0.0264402,0.0263545,0.0262697,0.0261856,0.0261021,0.0260194,0.0259374,0.025856,0.0257752,0.0256952,0.0256157,0.0255369
L,2 Deg C,7752.9,8137.37,8481.17,8786.62,9056.48,9293.78,9501.6,9682.96,9840.77,9977.73,10096.3,10198.9,10287.4,10363.6,10429.3,10485.8,10534.3,10576,10611.7,10642.4,10668.7,10691.2,10710.5,10727,10741.2,10753.3,10763.7,10772.5,10780.1,10786.6,10792.2,10796.9,10801,10804.5,10807.4,10810,10812.2,10814,10815.6,10817,10818.1,10819.1,10820,10820.7,10821.3,10821.9,10822.3,10822.7,10823,10823.3,10823.6,10823.8,10824,10824.1,10824.2,10824.3,10824.4,10824.5,10824.6,10824.7,10824.7,10824.7,10824.8,10824.8,10824.8,10824.9,10824.9,10824.9,10824.9,10824.9,10824.9,10824.9,10825,10825,10825,10825,10825,10825,10825,10825,10825
AL,2 Deg C,5.84,6.25268,6.69098,7.15626,7.64993,8.17343,8.72829,9.3161,9.93849,10.5972,11.2939,12.0306,12.809,13.6312,14.4993,15.4153,16.3814,17.4,18.4733,19.6037,20.7938,22.0462,23.3635,24.7484,26.2039,27.7327,29.338,31.0227,32.7902,34.6435,36.5862,38.6217,40.7534,42.9851,45.3204,47.7632,50.3175,52.9871,55.7763,58.6892,61.7302,64.9036,68.2139,71.6658,75.2638,79.0129,82.9179,86.9837,91.2155,95.6184,100.198,104.959,109.907,115.048,120.387,125.931,131.684,137.654,143.845,150.264,156.918,163.811,170.952,178.346,185.999,193.918,202.111,210.583,219.342,228.393,237.746,247.405,257.379,267.674,278.297,289.257,300.56,312.213,324.224,336.601,349.35
UTILITY,2 Deg C,6647.13
